phonemes,mouth,happy,sad
AA0,a_e_,a_e_h.png,a_e_s.png
 AA1,a_e_,a_e_h.png,a_e_s.png
 AA2,a_e_,a_e_h.png,a_e_s.png
 AE0,a_e_,a_e_h.png,a_e_s.png
 AE1,a_e_,a_e_h.png,a_e_s.png
 AE2,a_e_,a_e_h.png,a_e_s.png
 AH0,a_e_,a_e_h.png,a_e_s.png
 AH1,a_e_,a_e_h.png,a_e_s.png
 AH2,a_e_,a_e_h.png,a_e_s.png
 AO0,a_e_,a_e_h.png,a_e_s.png
 AO1,a_e_,a_e_h.png,a_e_s.png
 AO2,a_e_,a_e_h.png,a_e_s.png
 AW0,a_e_,a_e_h.png,a_e_s.png
 AW1,a_e_,a_e_h.png,a_e_s.png
 AW2,a_e_,a_e_h.png,a_e_s.png
 AY0,a_e_,a_e_h.png,a_e_s.png
 AY1,a_e_,a_e_h.png,a_e_s.png
 AY2,a_e_,a_e_h.png,a_e_s.png
 B,m_b_close_,m_b_close_h.png,m_b_close_s.png
 CH,d_j_ch_,d_j_ch_h.png,d_j_ch_s.png
 D,d_j_ch_,d_j_ch_h.png,d_j_ch_s.png
 DH,d_j_ch_,d_j_ch_h.png,d_j_ch_s.png
 EH0,a_e_,a_e_h.png,a_e_s.png
 EH1,a_e_,a_e_h.png,a_e_s.png
 EH2,a_e_,a_e_h.png,a_e_s.png
 ER0,a_e_,a_e_h.png,a_e_s.png
 ER1,a_e_,a_e_h.png,a_e_s.png
 ER2,a_e_,a_e_h.png,a_e_s.png
 EY0,a_e_,a_e_h.png,a_e_s.png
 EY1,a_e_,a_e_h.png,a_e_s.png
 EY2,a_e_,a_e_h.png,a_e_s.png
 F,f_,f_h.png,f_s.png
 G,d_j_ch_,d_j_ch_h.png,d_j_ch_s.png
 HH,d_j_ch_,d_j_ch_h.png,d_j_ch_s.png
 IH0,a_e_,a_e_h.png,a_e_s.png
 IH1,a_e_,a_e_h.png,a_e_s.png
 IH2,a_e_,a_e_h.png,a_e_s.png
 IY0,a_e_,a_e_h.png,a_e_s.png
 IY1,a_e_,a_e_h.png,a_e_s.png
 IY2,a_e_,a_e_h.png,a_e_s.png
 JH,d_j_ch_,d_j_ch_h.png,d_j_ch_s.png
 K,a_e_,a_e_h.png,a_e_s.png
 L,l_,l_h.png,l_s.png
 M,m_b_close_,m_b_close_h.png,m_b_close_s.png
 N,th_,th_h.png,th_s.png
 NG,th_,th_h.png,th_s.png
 OW0,o_small_,o_small_h.png,o_small_s.png
 OW1,o_small_,o_small_h.png,o_small_s.png
 OW2,o_small_,o_small_h.png,o_small_s.png
 OY0,o_small_,o_small_h.png,o_small_s.png
 OY1,o_small_,o_small_h.png,o_small_s.png
 OY2,o_small_,o_small_h.png,o_small_s.png
 P,m_b_close_,m_b_close_h.png,m_b_close_s.png
 R,th_,th_h.png,th_s.png
 S,d_j_ch_,d_j_ch_h.png,d_j_ch_s.png
 SH,d_j_ch_,d_j_ch_h.png,d_j_ch_s.png
 T,th_,th_h.png,th_s.png
 TH,th_,th_h.png,th_s.png
 UH0,o_small_,o_small_h.png,o_small_s.png
 UH1,o_small_,o_small_h.png,o_small_s.png
 UH2,o_small_,o_small_h.png,o_small_s.png
 UW,o_small_,o_small_h.png,o_small_s.png
 UW0,o_small_,o_small_h.png,o_small_s.png
 UW1,o_small_,o_small_h.png,o_small_s.png
 UW2,o_small_,o_small_h.png,o_small_s.png
 V,f_,f_h.png,f_s.png
 W,o_small_,o_small_h.png,o_small_s.png
 Y,o_small_,o_small_h.png,o_small_s.png
 Z,d_j_ch_,d_j_ch_h.png,d_j_ch_s.png
 ZH,d_j_ch_,d_j_ch_h.png,d_j_ch_s.png
